Workbook
Name Category: [1]Assumption!$A$2:$A$53
Name Line: [1]Assp!$A$2:$A$16

Sheet FeederNames
A1: Management Console Name | B1: Customer Name
A2: 1 | B2: Gr1.EED_Incomer_1
A3: 2 | B3: Gr1.EED_Incomer_2 | C3: Gr1.EED_Incomer_1 | D3: Gr1.EED_Incomer_2 | E3: Gr1.EED_Research_Wing_Incomer_1 | F3: Gr1.EED_Research_Wing_Incomer_2 | G3: Gr1.EED_Load_Feeder | H3: Gr1.Civil_Load_Feeder | I3: Gr1.EED_Research_Wing_Solar | J3: Gr1.EED_Solar | JA3: Q3_PCC1.4F4_Office_Panel | JB3: Q3_PCC1.5F2_PDB1_Main_RPDB | JC3: Q3_PCC1.5F1_SPARE1 | JD3: Q3_PCC1.5F3_SPARE2 | JE3: Q3_PCC1.5F4_SPARE3 | JF3: Q3_PCC1.6F3_PDB4 | JG3: Q3_PCC1.6F4_MLDB | JH3: Q3_PCC1.7F3_Server_Room | JI3: Q3_PCC1.7F4_PH_II_Utility_Panel | JJ3: Q3_PCC1.4F1_STP | JK3: Q3_PCC1.6F2_SPARE4 | JL3: Q3_Tech.1F2_UPS_Incomer_DB3 | JM3: Q3_Tech.1F1_UPS1 | JN3: Q3_Tech.1F2_UPS2 | JO3: Q3_Tech.1F3_UPS3 | JP3: Q3_Tech.1F5_UPS_Incomer_DB1 | JQ3: Q3_Tech.2F1_LGF_LTG_27A | JR3: Q3_Tech.2F2_UGF_LTG_27A | JS3: Q3_Tech.2F3_SPARE1 | JT3: Q3_Tech.2F4_SPARE2 | JU3: Q3_Tech.2F5_UPS_Incomer_DB3 | JV3: Q3_Tech.1F2_PDB1_Main_RPDB | JW3: Q3_Tech.1F6_PDB2 | JX3: Q3_Tech.1F2_MLDB_MEZZ1_Technic_RM | JY3: Q3_Tech.2F3_MLDB1 | JZ3: Q3_Tech.1F2_PDB3_HVAC_Panel | KA3: PH2_Utility.1F2_Incomer_Panel | KB3: PH2_Utility.2F1_Security_Cabin3 | KC3: PH2_Utility.2F2_Security_Cabin4 | KD3: PH2_Utility.2F3_Security_Cabin5 | KE3: PH2_Utility.2F4_SPARE1 | KF3: PH2_Utility.2F5_MDB4 | KG3: PH2_Utility.2F6_SPARE2 | KH3: Q3_Office.1F2_Office_Panel_IC | KI3: Q3_Office.2F3_Incomer_for_RPDBS | KJ3: Q3_Office.3F5_MZZ2_Office_Area | KK3: Q3_Office.3F4_MZZ1_Office_Area | KL3: Q3_Office.4F2_SPARE1 | KM3: Q3_Office.4F3_UPS_40KW | KN3: Q3_Office.4F4_SPARE2 | KO3: Q3_Office.4F5_SPARE3 | KP3: Q3_Office.3F1_Incomer_for_LDBS | KQ3: Q3_Office.3F2_Lift | KR3: Q3_Office.3F3_LGF_Office | KS3: ION.7650 | KT3: WHP_PCC1.1F3_PCC1_IC | KU3: WHP_PCC1.2F3_PCC2 | KV3: WHP_PCC1.2F4_HVAC | KW3: WHP_PCC1.3F3_FIRE_FTG | KX3: WHP_PCC1.3F4_SPARE | KY3: WHP_PCC2.1F2_PCC2_IC | KZ3: WHP_PCC2.1F5_MLDB1 | LA3: WHP_PCC2.1F6_UPS_IC | LB3: WHP_PCC2.2F7_MLDB2 | LC3: WHP_PCC2.2F8_MRPDB | LD3: WHP_PCC2.3F8_SPARE | LE3: WHP_UPS_OG.1F1_IC1_UPS1 | LF3: WHP_UPS_OG.1F2_IC2_UPS2 | LG3: WHP_UPS_OG.1F3_IC3_UPS3 | LH3: WHP_UPS_IC.1F2_UPS_IC | LI3: WHP_MELDB_1.1F2_IC_MELDB1 | LJ3: WHP_MLDB1.1F1_IC_MLDB1 | LK3: WHP_MRPDB.1F2_IC_MRPDB | LL3: WHP_HVAC.1F2_IC_HVAC | LM3: KIOSK.QIII_RMU | LN3: KIOSK.QI_QII_RMU | LO3: KIOSK.PS_RMU
A4: 3 | B4: Gr1.EED_Research_Wing_Incomer_1
A5: 4 | B5: Gr1.EED_Research_Wing_Incomer_2
A6: 5 | B6: Gr1.EED_Load_Feeder
A7: 6 | B7: Gr1.Civil_Load_Feeder
A8: 7 | B8: Gr1.EED_Research_Wing_Solar
A9: 8 | B9: Gr1.EED_Solar
A10: 9
A11: 10
A12: 11
A13: 12
A14: 13
A15: 14
A16: 15
A17: 16
A18: 17
A19: 18
A20: 19
A21: 20
... A108: 107
A109: M_MPDP04.Laser_Nozzleline
A110: M_MPDP04.Sonplas1
A111: M_MPDP04.Flow_Checking_MC3
A112: M_MPDP04.Abrasive_Flow_MC2
A113: M_MPDP04.Abrasive_Flow_MC1
A114: M_MPDP04.Sleeve_Id_Grinding_1
A115: M_MPDP04.Spare8
A116: M_MPDP04.Spare7
A117: M_MPDP04.Flow_Checking_MC4
A118: M_MPDP04.Sonplas2
A119: M_MPDP04.Spare5
A120: M_MPDP04.Spare6
... A204: C_HVLS_Panel.Incomer

Sheet Daily_Consumption
A1: National Institute of Technology, Warangal | D1: Date | E1: 46029
A2: Meter No. | B2: Feeder Description | C2: Daily(07:00AM to 07:00AM)
C3: Init Reading Kwh | D3: Final Reading KWH | E3: KWH
A4: 1 | B4: =FeederNames!B2 -> Gr1.EED_Incomer_1 | C4: 183815 | D4: 184082 | E4: 267
A5: 2 | B5: =FeederNames!B3 -> Gr1.EED_Incomer_2 | C5: 2454 | D5: 2489 | E5: 35
A6: 3 | B6: =FeederNames!B4 -> Gr1.EED_Research_Wing_Incomer_1 | C6: 12375 | D6: 12592 | E6: 217
A7: 4 | B7: =FeederNames!B5 -> Gr1.EED_Research_Wing_Incomer_2 | C7: 2723 | D7: 2766 | E7: 43
A8: 5 | B8: =FeederNames!B6 -> Gr1.EED_Load_Feeder | C8: 6527 | D8: 6625 | E8: 98
A9: 6 | B9: =FeederNames!B7 -> Gr1.Civil_Load_Feeder | C9: 19526 | D9: 19682 | E9: 156
A10: 7 | B10: =FeederNames!B8 -> Gr1.EED_Research_Wing_Solar | C10: 16546 | D10: 16815 | E10: 269
A11: 8 | B11: =FeederNames!B9 -> Gr1.EED_Solar | C11: 15448 | D11: 15715 | E11: 267

Sheet Consumption & Generation
A1: National Institute of Technology, Warangal | D1: Date | E1: =Daily_Consumption!E1 -> 46029
A2: Meter No. | B2: Feeder Description | C2: Daily(07:00AM to 07:00AM)
C3: Init Reading Kwh | D3: Final Reading KWH | E3: KWH
A4: 1 | B4: =FeederNames!B2 -> Gr1.EED_Incomer_1 | C4: =Daily_Consumption!C4 -> 183815 | D4: =Daily_Consumption!D4 -> 184082 | E4: =Daily_Consumption!E4 -> 267
A5: 2 | B5: =FeederNames!B3 -> Gr1.EED_Incomer_2 | C5: =Daily_Consumption!C5 -> 2454 | D5: =Daily_Consumption!D5 -> 2489 | E5: =Daily_Consumption!E5 -> 35
A6: 3 | B6: =FeederNames!B4 -> Gr1.EED_Research_Wing_Incomer_1 | C6: =Daily_Consumption!C6 -> 12375 | D6: =Daily_Consumption!D6 -> 12592 | E6: =Daily_Consumption!E6 -> 217
A7: 4 | B7: =FeederNames!B5 -> Gr1.EED_Research_Wing_Incomer_2 | C7: =Daily_Consumption!C7 -> 2723 | D7: =Daily_Consumption!D7 -> 2766 | E7: =Daily_Consumption!E7 -> 43
A8: 5 | B8: =FeederNames!B6 -> Gr1.EED_Load_Feeder | C8: =Daily_Consumption!C8 -> 6527 | D8: =Daily_Consumption!D8 -> 6625 | E8: =Daily_Consumption!E8 -> 98
A9: 6 | B9: =FeederNames!B7 -> Gr1.Civil_Load_Feeder | C9: =Daily_Consumption!C9 -> 19526 | D9: =Daily_Consumption!D9 -> 19682 | E9: =Daily_Consumption!E9 -> 156
A12: TOTAL CONSUMPTION | E12: =SUM(E4:E9) -> 816
A15: 1 | B15: =Daily_Consumption!B10 -> Gr1.EED_Research_Wing_Solar | C15: =Daily_Consumption!C10 -> 16546 | D15: =Daily_Consumption!D10 -> 16815 | E15: =Daily_Consumption!E10 -> 269
A16: 2 | B16: =Daily_Consumption!B11 -> Gr1.EED_Solar | C16: =Daily_Consumption!C11 -> 15448 | D16: =Daily_Consumption!D11 -> 15715 | E16: =Daily_Consumption!E11 -> 267
A18: TOTAL GENERATION | E18: =E15+E16 -> 536

Sheet Shift_Consumption
B1: =Daily_Consumption!A1 -> National Institute of Technology, Warangal | D1: Date | E1: =Daily_Consumption!E1 -> 46029
A2: Meter No. | B2: Feeder Description | C2: Shift1 | D2: Shift2 | E2: Shift3
C3: Consumption in Kwh | D3: Consumption in Kwh | E3: Consumption in Kwh
A4: 1 | B4: =FeederNames!B2 -> Gr1.EED_Incomer_1
A5: 2 | B5: =FeederNames!B3 -> Gr1.EED_Incomer_2
A6: 3 | B6: =FeederNames!B4 -> Gr1.EED_Research_Wing_Incomer_1
A7: 4 | B7: =FeederNames!B5 -> Gr1.EED_Research_Wing_Incomer_2
A8: 5 | B8: =FeederNames!B6 -> Gr1.EED_Load_Feeder
A9: 6 | B9: =FeederNames!B7 -> Gr1.Civil_Load_Feeder
A10: 7 | B10: =FeederNames!B8 -> Gr1.EED_Research_Wing_Solar
A11: 8 | B11: =FeederNames!B9 -> Gr1.EED_Solar
